Model,Accuracy,Precision,Recall,F1,ROC_AUC
HistGradientBoosting,0.9906666666666667,0.9474389019082692,0.9583474432780223,0.9528619528619529,0.9991656294680926
Random Forest,0.9881,0.9097222222222222,0.9759566542499153,0.9416761966998857,0.9990697984923986
Logistic Regression,0.9809666666666667,0.8452173913043478,0.987470369116153,0.9108230516945182,0.998432022940939
